espanol,nahuatl,fuente
Tengo dos gatos.,Nicpia ōme miztōn.,"Tatoeba nahuatl-generico (CC BY 2.0 FR, id 13551909)"
Tengo dos gatas.,Nicpia ōme miztōn.,"Tatoeba nahuatl-generico (CC BY 2.0 FR, id 13551909)"
Vos no sabés nada de mí.,Teuatl amo tikmati atle itech neuatl,"Tatoeba nahuatl-generico (CC BY 2.0 FR, id 12688999)"
Llegué allí demasiado pronto.,Oniualla isiujka tlen okse tlakatl,"Tatoeba nahuatl-generico (CC BY 2.0 FR, id 12688988)"
¡Guau-uau-uau!,"¡Hua, hua, hua!","Tatoeba nahuatl-generico (CC BY 2.0 FR, id 4992077)"
"¡Guau, guau, guau!","¡Hua, hua, hua!","Tatoeba nahuatl-generico (CC BY 2.0 FR, id 4992077)"
"¡Bau, bau, bau!","¡Hua, hua, hua!","Tatoeba nahuatl-generico (CC BY 2.0 FR, id 4992077)"
Gracias por avisarme.,Tlascamati techmatiltia.,"Tatoeba huasteca-centro (CC BY 2.0 FR, id 4722304)"
"No, gracias. No bebo café.","Amo, tascamati. Amo niconi café.","Tatoeba huasteca-centro (CC BY 2.0 FR, id 4722298)"
¿Cómo se dice XXX en holandés?,¿Quenicatsa niquijtos XXX ica holandés?,"Tatoeba huasteca-centro (CC BY 2.0 FR, id 4722279)"
¿Cómo se dice XXX en neerlandés?,¿Quenicatsa niquijtos XXX ica holandés?,"Tatoeba huasteca-centro (CC BY 2.0 FR, id 4722279)"
¿Cómo se llama tu marido?,¿Taya itoca mohuehue?,"Tatoeba huasteca-centro (CC BY 2.0 FR, id 4722213)"
¿Cómo se llama tu mamá?,¿Taya itoca monana?,"Tatoeba huasteca-centro (CC BY 2.0 FR, id 4722196)"
¿Cómo se llama tu padre?,¿Taya itoca motata?,"Tatoeba huasteca-centro (CC BY 2.0 FR, id 4722184)"
¿Cómo se llama tu papá?,¿Taya itoca motata?,"Tatoeba huasteca-centro (CC BY 2.0 FR, id 4722184)"
¿Cómo se llama tu esposa?,¿Taya itoca mosihua?,"Tatoeba huasteca-centro (CC BY 2.0 FR, id 4722181)"
¿Cómo se llama tu perro?,¿Taya itoca mochichi?,"Tatoeba huasteca-centro (CC BY 2.0 FR, id 4722165)"
¿Cómo te llamas?,¿Taya motoca?,"Tatoeba huasteca-centro (CC BY 2.0 FR, id 4722147)"
"Uno, dos, tres, cuatro, cinco, seis, siete, ocho, nueve, diez.","Se, ome, eyi, nahui, macuili, chicuase, chicome, chicueyi, chicnahui, majtacti.","Tatoeba huasteca-centro (CC BY 2.0 FR, id 4722144)"
"Un, dos, tres, cuatro, cinco, seis, siete, ocho, nueve, diez.","Se, ome, eyi, nahui, macuili, chicuase, chicome, chicueyi, chicnahui, majtacti.","Tatoeba huasteca-centro (CC BY 2.0 FR, id 4722144)"
¿Tiene usted hambre?,¿Timayana?,"Tatoeba huasteca-centro (CC BY 2.0 FR, id 4722058)"
¿Tienes hambre?,¿Timayana?,"Tatoeba huasteca-centro (CC BY 2.0 FR, id 4722058)"
¿Usted tiene hambre?,¿Timayana?,"Tatoeba huasteca-centro (CC BY 2.0 FR, id 4722058)"
¡Tengo hambre!,¡Nimayana!,"Tatoeba nahuatl-generico (CC BY 2.0 FR, id 4722054)"
Estoy hambriento.,¡Nimayana!,"Tatoeba nahuatl-generico (CC BY 2.0 FR, id 4722054)"
Ya tengo hambre.,¡Nimayana!,"Tatoeba nahuatl-generico (CC BY 2.0 FR, id 4722054)"
Estoy hambrienta.,¡Nimayana!,"Tatoeba nahuatl-generico (CC BY 2.0 FR, id 4722054)"
Me pica el bagre.,¡Nimayana!,"Tatoeba nahuatl-generico (CC BY 2.0 FR, id 4722054)"
De nada.,Amo teno.,"Tatoeba huasteca-centro (CC BY 2.0 FR, id 4722049)"
"""Gracias."" ""De nada.""","""Tascamati."" ""Amo teno.""","Tatoeba huasteca-centro (CC BY 2.0 FR, id 4722048)"
"""Gracias."" ""No hay de qué.""","""Tascamati."" ""Amo teno.""","Tatoeba huasteca-centro (CC BY 2.0 FR, id 4722048)"
Me gusta mucho.,Nechpactía miyac.,"Tatoeba huasteca-centro (CC BY 2.0 FR, id 4722047)"
Me gusta.,Nechpactía.,"Tatoeba huasteca-centro (CC BY 2.0 FR, id 4722046)"
¿A qué hora sale el bus?,¿Taya hora quisas ni autobús?,"Tatoeba huasteca-centro (CC BY 2.0 FR, id 4721968)"
No hay agua.,Amo onca at.,"Tatoeba huasteca-centro (CC BY 2.0 FR, id 4721913)"
No hay jabón.,Amo onca xapo.,"Tatoeba huasteca-centro (CC BY 2.0 FR, id 4721912)"
No hay sal.,Amo onca istat.,"Tatoeba huasteca-centro (CC BY 2.0 FR, id 4721910)"
No hay.,Amo onca.,"Tatoeba huasteca-centro (CC BY 2.0 FR, id 4721908)"
¿Qué están haciendo?,¿Taya quichihuaj?,"Tatoeba huasteca-centro (CC BY 2.0 FR, id 4721907)"
¿Qué hacen?,¿Taya quichihuaj?,"Tatoeba huasteca-centro (CC BY 2.0 FR, id 4721907)"
¿Qué están haciendo?,¿Taya tijchihuaj?,"Tatoeba huasteca-centro (CC BY 2.0 FR, id 4721905)"
¿Qué hacen?,¿Taya tijchihuaj?,"Tatoeba huasteca-centro (CC BY 2.0 FR, id 4721905)"
¡Vámonos a mi casa!,¡Tiyahuij nochaj!,"Tatoeba huasteca-centro (CC BY 2.0 FR, id 4721904)"
¿Adónde vas?,¿Canque anyahuij amojuanti?,"Tatoeba huasteca-centro (CC BY 2.0 FR, id 4721900)"
¿Para dónde va?,¿Canque anyahuij amojuanti?,"Tatoeba huasteca-centro (CC BY 2.0 FR, id 4721900)"
¿Adónde va?,¿Canque anyahuij amojuanti?,"Tatoeba huasteca-centro (CC BY 2.0 FR, id 4721900)"
¿A dónde vas?,¿Canque anyahuij amojuanti?,"Tatoeba huasteca-centro (CC BY 2.0 FR, id 4721900)"
¿Para dónde vas?,¿Canque anyahuij amojuanti?,"Tatoeba huasteca-centro (CC BY 2.0 FR, id 4721900)"
¿Tú adónde vas?,¿Canque anyahuij amojuanti?,"Tatoeba huasteca-centro (CC BY 2.0 FR, id 4721900)"
¿Adónde van ustedes?,¿Canque anyahuij amojuanti?,"Tatoeba huasteca-centro (CC BY 2.0 FR, id 4721900)"
¿A dónde van ustedes?,¿Canque anyahuij amojuanti?,"Tatoeba huasteca-centro (CC BY 2.0 FR, id 4721900)"
¿Adónde vas?,¿Canque anyahuij?,"Tatoeba huasteca-centro (CC BY 2.0 FR, id 4721899)"
¿Para dónde va?,¿Canque anyahuij?,"Tatoeba huasteca-centro (CC BY 2.0 FR, id 4721899)"
¿Adónde va?,¿Canque anyahuij?,"Tatoeba huasteca-centro (CC BY 2.0 FR, id 4721899)"
¿A dónde vas?,¿Canque anyahuij?,"Tatoeba huasteca-centro (CC BY 2.0 FR, id 4721899)"
¿Adónde van?,¿Canque anyahuij?,"Tatoeba huasteca-centro (CC BY 2.0 FR, id 4721899)"
¿Para dónde vas?,¿Canque anyahuij?,"Tatoeba huasteca-centro (CC BY 2.0 FR, id 4721899)"
¿A dónde van?,¿Canque anyahuij?,"Tatoeba huasteca-centro (CC BY 2.0 FR, id 4721899)"
¿Tú adónde vas?,¿Canque anyahuij?,"Tatoeba huasteca-centro (CC BY 2.0 FR, id 4721899)"
¿Adónde vas?,¿Canque tiya?,"Tatoeba huasteca-centro (CC BY 2.0 FR, id 4721898)"
¿Para dónde va?,¿Canque tiya?,"Tatoeba huasteca-centro (CC BY 2.0 FR, id 4721898)"
¿Adónde va?,¿Canque tiya?,"Tatoeba huasteca-centro (CC BY 2.0 FR, id 4721898)"
¿A dónde vas?,¿Canque tiya?,"Tatoeba huasteca-centro (CC BY 2.0 FR, id 4721898)"
¿Para dónde vas?,¿Canque tiya?,"Tatoeba huasteca-centro (CC BY 2.0 FR, id 4721898)"
¿Tú adónde vas?,¿Canque tiya?,"Tatoeba huasteca-centro (CC BY 2.0 FR, id 4721898)"
¿Dónde vas?,¿Canque tiya?,"Tatoeba huasteca-centro (CC BY 2.0 FR, id 4721898)"
Sí.,Quena.,"Tatoeba huasteca-centro (CC BY 2.0 FR, id 4721896)"
Siéntese.,Ximosehuiqui.,"Tatoeba huasteca-centro (CC BY 2.0 FR, id 4721893)"
Me voy a casa.,Niyas nochaj.,"Tatoeba huasteca-centro (CC BY 2.0 FR, id 4721891)"
Voy a casa.,Niyas nochaj.,"Tatoeba huasteca-centro (CC BY 2.0 FR, id 4721891)"
Hasta mañana.,Hasta mosta.,"Tatoeba huasteca-centro (CC BY 2.0 FR, id 4721889)"
¡Que te vaya bien!,¡Xiya ica cuali!,"Tatoeba huasteca-centro (CC BY 2.0 FR, id 4721887)"
¿Qué compraste?,¿Taya tijcojqui?,"Tatoeba huasteca-centro (CC BY 2.0 FR, id 4721877)"
¿Qué has comprado?,¿Taya tijcojqui?,"Tatoeba huasteca-centro (CC BY 2.0 FR, id 4721877)"
¿Qué estás haciendo?,¿Taya tijchihua?,"Tatoeba huasteca-centro (CC BY 2.0 FR, id 4721872)"
¿Qué es lo que haces?,¿Taya tijchihua?,"Tatoeba huasteca-centro (CC BY 2.0 FR, id 4721872)"
¿Qué haces?,¿Taya tijchihua?,"Tatoeba huasteca-centro (CC BY 2.0 FR, id 4721872)"
¡Gracias!,¡Tascamati!,"Tatoeba huasteca-centro (CC BY 2.0 FR, id 4721867)"
Escríbelo.,Xiquijcuilo.,"Tatoeba huasteca-centro (CC BY 2.0 FR, id 4721853)"
Anótalo.,Xiquijcuilo.,"Tatoeba huasteca-centro (CC BY 2.0 FR, id 4721853)"
"Amo el canto del zenzontle, pájaro de las cuatrocientas voces. Amo el color del jade, y el enervante perfume de las flores, pero lo que más amo es a mi hermano, el hombre.","Nehhuātl nictlazohtla in centzontōtōtl īcuīcauh. Nehhuātl nictlazohtla in chālchihuitl ītlapaliz īhuān in ahhuiyācmeh xōchimeh; zan oc cencah nocnīuhtzin in tlācatl, nehhuātl nictlazohtla.","Tatoeba nahuatl-generico (CC BY 2.0 FR, id 4642497)"
"Amo el canto del zenzontle, pájaro de las cuatrocientas voces. Amo el color del jade, y el enervante perfume de las flores, pero lo que más amo es a mi hermano, el hombre.","Nelia nikiknelia sensontle ikuika, tototl tlen se tsontli itoskaj. Nelia nikiknelia nopa xoxoktetl, uan nelia tlen kualtsin ininajuiyaka xoxchimej, sanke notlakaiknin ya ika nochi noyoltsin nikiknelia.","Tatoeba huasteca-centro (CC BY 2.0 FR, id 4642327)"
Ve. Es agua. Ríe. Se zambulle.,Quitta. Ātl. Huetzca. Polaqui.,"Tatoeba nahuatl-generico (CC BY 2.0 FR, id 4608325)"
¡Trabajaré duro!,¡Chicāhuac nitequitiz!,"Tatoeba nahuatl-generico (CC BY 2.0 FR, id 4603855)"
El sol se pone.,Calaqui tōnatiuh.,"Tatoeba nahuatl-generico (CC BY 2.0 FR, id 4436140)"
El Burj Khalifa es actualmente el rascacielos más alto del mundo.,Āxcān tlālticpac in Burj Khalifa calli tlacempanahuiā inīc huehcapan.,"Tatoeba nahuatl-generico (CC BY 2.0 FR, id 4151922)"
Actualmente el Burj Khalifa es el rascacielo más alto del mundo.,Āxcān tlālticpac in Burj Khalifa calli tlacempanahuiā inīc huehcapan.,"Tatoeba nahuatl-generico (CC BY 2.0 FR, id 4151922)"
El Burj Khalifa es actualmente el más alto rascacielos del mundo.,Āxcān tlālticpac in Burj Khalifa calli tlacempanahuiā inīc huehcapan.,"Tatoeba nahuatl-generico (CC BY 2.0 FR, id 4151922)"
De nada.,Ahmō intlā.,"Tatoeba nahuatl-generico (CC BY 2.0 FR, id 3897967)"
No era nada.,Ahmō intlā.,"Tatoeba nahuatl-generico (CC BY 2.0 FR, id 3897967)"
No es nada.,Ahmō intlā.,"Tatoeba nahuatl-generico (CC BY 2.0 FR, id 3897967)"
A Meztli le gusta la luna.,Mētztli quitlazohtla mētztli.,"Tatoeba nahuatl-generico (CC BY 2.0 FR, id 3817949)"
¿El perro está nadando?,¿Māneloā in chichi?,"Tatoeba nahuatl-generico (CC BY 2.0 FR, id 3769382)"
Un perro está ladrando.,Tlahuahualtza cē chichi.,"Tatoeba nahuatl-generico (CC BY 2.0 FR, id 3769379)"
Este perro es grande.,Inīn itzcuīntli huēyi.,"Tatoeba nahuatl-generico (CC BY 2.0 FR, id 3769377)"
Esto es un perro.,Inīn itzcuīntli.,"Tatoeba nahuatl-generico (CC BY 2.0 FR, id 3769375)"
Eso es un perro.,Inīn itzcuīntli.,"Tatoeba nahuatl-generico (CC BY 2.0 FR, id 3769375)"
El perro se está muriendo.,In itzcuīntli mictinemi.,"Tatoeba nahuatl-generico (CC BY 2.0 FR, id 3769373)"
El perro está muriéndose.,In itzcuīntli mictinemi.,"Tatoeba nahuatl-generico (CC BY 2.0 FR, id 3769373)"
¿Cuál es tu perro?,¿Cahtli moitzcuīn?,"Tatoeba nahuatl-generico (CC BY 2.0 FR, id 3769362)"
¿Cuál es su perro?,¿Cahtli moitzcuīn?,"Tatoeba nahuatl-generico (CC BY 2.0 FR, id 3769362)"
Odio a mi computadora.,Niquicocoliā notepoz.,"Tatoeba nahuatl-generico (CC BY 2.0 FR, id 3769360)"
Este es mi computador.,Inīn nochīuhpōhualhuaz.,"Tatoeba nahuatl-generico (CC BY 2.0 FR, id 3769356)"
Este es mi ordenador.,Inīn nochīuhpōhualhuaz.,"Tatoeba nahuatl-generico (CC BY 2.0 FR, id 3769356)"
Esta es mi computadora.,Inīn nochīuhpōhualhuaz.,"Tatoeba nahuatl-generico (CC BY 2.0 FR, id 3769356)"
Este es mi computador.,Inīn notepoz.,"Tatoeba nahuatl-generico (CC BY 2.0 FR, id 3769355)"
Este es mi ordenador.,Inīn notepoz.,"Tatoeba nahuatl-generico (CC BY 2.0 FR, id 3769355)"
Esta es mi computadora.,Inīn notepoz.,"Tatoeba nahuatl-generico (CC BY 2.0 FR, id 3769355)"
No es problema de computadora.,Ahmō chīuhpōhualhuaztli icualāntli.,"Tatoeba nahuatl-generico (CC BY 2.0 FR, id 3769342)"
La espada estaba curvada como el agua.,In tepozmācuauh yuhquin ātl monecuiloā.,"Tatoeba nahuatl-generico (CC BY 2.0 FR, id 3769333)"
Soplaba un viento fuerte.,Huel chicāhuac ehēcac.,"Tatoeba nahuatl-generico (CC BY 2.0 FR, id 3769325)"
"Para ayudar con la ceguedad, no más será uno expuesto mucho al sol, al frío o al viento.",Īxpopoyōtlachiyaliztli ipalēhuiloca aocmō cencah mīxnāmiquiz in tōnalli in cecēc in ehēcatl.,"Tatoeba nahuatl-generico (CC BY 2.0 FR, id 3769321)"
Con flores y con cantos recuerdo a los príncipes.,Xochitica ye ihuan cuicatica niquimilnamiqui tepilhuan.,"Tatoeba nahuatl-generico (CC BY 2.0 FR, id 3740874)"
"Los primeros en llegar fueron los toltecas, quienes se establecieron en México.","In campa ohualaqueh inachtopa tolteca, nican otlalpixque Mixicatlalpan.","Tatoeba nahuatl-generico (CC BY 2.0 FR, id 3740021)"
Es que ellos provienen de Alemania.,Ca yehuantin in ohualquizqueh Teutontlālpan.,"Tatoeba nahuatl-generico (CC BY 2.0 FR, id 3740010)"
Se han contado mil ciento noventa y cuatro años desde que se marcharon de la tierra llamada Aztlán.,"Mopohuaya ontzontlí, caxtolli ihuan nahuípoallí ihuan matlactli on nahuy xihuitl, in onpa ohual quizque ipan in tlalli motocayotia Aztlan.","Tatoeba nahuatl-generico (CC BY 2.0 FR, id 3739993)"
"En la gran tierra de Aztlan vivían unidos los mexica, los tlaxcalteca, los otomí, los totonacos y allá se separaron.",Ipan ihueytlalli Aztlan ololhuitoya in Mexíca Tlaxcaltecah Otomime Totonactin auh onpa omoxexelotiaqueh.,"Tatoeba nahuatl-generico (CC BY 2.0 FR, id 3739984)"
Su casa está allá en viejo México Aztlan Quinehuayan Chicomoztoc que ahora llaman Nuevo México.,Inchan in ompa Huehue Mēxihco Aztlan Quinehuayan Chicomoztoc in axcan quitocayotia Yancuic Mēxihco.,"Tatoeba nahuatl-generico (CC BY 2.0 FR, id 3739981)"
Tomaron los átlatl y lanzaron dardos en la guerra.,Quicuiqueh in atlatl inic tlaminaya yaoc.,"Tatoeba nahuatl-generico (CC BY 2.0 FR, id 3739969)"
Todos vinieron.,Huiloatza.,"Tatoeba nahuatl-generico (CC BY 2.0 FR, id 3739950)"
Todos vienen.,Huiloatz.,"Tatoeba nahuatl-generico (CC BY 2.0 FR, id 3739942)"
¿Acaso vienen ustedes?,¿Cuix anhuītzeh?,"Tatoeba nahuatl-generico (CC BY 2.0 FR, id 3739936)"
Aún no ha venido la creencia católica.,Ayemo huitz tlaneltoquiliztli.,"Tatoeba nahuatl-generico (CC BY 2.0 FR, id 3739928)"
Viene diciendo algo.,Tlahtotihuītz.,"Tatoeba nahuatl-generico (CC BY 2.0 FR, id 3739910)"
Luego se pusieron de pie y andaron.,Ic niman oncan huallehuaqueh ye huītzeh.,"Tatoeba nahuatl-generico (CC BY 2.0 FR, id 3739899)"
"Por toda Nueva España aquí donde conquistaron e hicieron guerra hasta que terminaron sus conquistas, nunca los abandonamos, ni hicimos nada para impedir su guerra, a pesar de que algunos de nosotros fueron destruidos por ella.",Za ce in ya ic nica Yancuīc Caxtillān in tepeuhque in teyaochiuhque inic quitzonquixtique in intepehualiz aic tiquintlalcahuique ahmo no itla tiquimitlacalhuique in inyaotiliz in manel ticeme ic tipololoque.,"Tatoeba nahuatl-generico (CC BY 2.0 FR, id 3739784)"
"Es mucho más necesario obedecer a Dios que a los hombres que ordenan, lo que puede ofender a Dios.","Tlapanahuia inic monequi huellacamachoz Dios, ahmo yuh tlacamachozqueh in oquichtin in quitenahuatia in tlein ic tlahtlacalhuiloz Dios.","Tatoeba nahuatl-generico (CC BY 2.0 FR, id 3739782)"
Se despidió de su querida madre.,Quimonahuatili itlazonantzin.,"Tatoeba nahuatl-generico (CC BY 2.0 FR, id 3739780)"
Ha causado usted daño en la casa de señorío.,Otimotlatlacalhui in ipan in tlatocacalli.,"Tatoeba nahuatl-generico (CC BY 2.0 FR, id 3739778)"
"Ya nadie cuidaba de los demás, ya nadie hacía nada por nadie.","Aocac motecuitlahuiaia, aocac teca mochihuaia.","Tatoeba nahuatl-generico (CC BY 2.0 FR, id 3739776)"
No son solamente ellos.,Amo zan yeiyoque.,"Tatoeba nahuatl-generico (CC BY 2.0 FR, id 3739774)"
Es incontable.,Amo zan tlapohualtin.,"Tatoeba nahuatl-generico (CC BY 2.0 FR, id 3739772)"
Sus impuestos incrementaron al ser vencidos.,In opehualoque ic hueix in tlacallaquilli.,"Tatoeba nahuatl-generico (CC BY 2.0 FR, id 3739770)"
Ajustaron nuestros impuestos a 2.050 pesos.,In tomines in techtlalili totlacallaquil macuiltzontli pesos ihuan ompohualli ommatlactli pesos tomines.,"Tatoeba nahuatl-generico (CC BY 2.0 FR, id 3739768)"
Viene lleno de polvo.,Teuhyohtihuītz.,"Tatoeba nahuatl-generico (CC BY 2.0 FR, id 3739765)"
Por ambos lados pasa el lindero y se extiende.,Necoccanpa nenemi coaxochtli netztimani.,"Tatoeba nahuatl-generico (CC BY 2.0 FR, id 3739762)"
Y las mujeres y los niños ¿cómo caminarán por el camino?,¿Ihuān in cihuatl piltzintli quēnin nenemiz ohtlipān?,"Tatoeba nahuatl-generico (CC BY 2.0 FR, id 3739760)"
"Una mujer yendo a buscar agua los vio, entonces gritó, ""¡Mexicas, vengan corriendo!""","Ce atlacuic cihuatl in quimittac, niman ie ic tzatziquito, ""¡Mexica, xioalnenemican!""","Tatoeba nahuatl-generico (CC BY 2.0 FR, id 3739758)"
"Mientras caminaba tintineaba, repiqueteaba y cascabeleaba mucho.","In ihcuac nenemi cenca ixaoaca, ixamaca, xaxamaca, tzitzilica, tzitzitzilica.","Tatoeba nahuatl-generico (CC BY 2.0 FR, id 3739755)"
Soy huérfano.,Nicnōtl.,"Tatoeba nahuatl-generico (CC BY 2.0 FR, id 3739752)"
Presentaron su documento para no hacer ya el tributo ni ser enviados a un día de trabajo de vigilancia.,Oquiprecetaroque in imamauh in probicia tlacah inic aocmo chichihuazque tequitl ihuan motititlanizque ma cemilhuitequitl tlapializtli.,"Tatoeba nahuatl-generico (CC BY 2.0 FR, id 3739750)"
No estaban conformes ni entendían todo.,Amo mohuelmatin ihuan amo quicaqui mochi.,"Tatoeba nahuatl-generico (CC BY 2.0 FR, id 3739748)"
Los huérfanos pagarán diez tomines.,In icnotl quixtlahuaz matlactli tomi.,"Tatoeba nahuatl-generico (CC BY 2.0 FR, id 3739746)"
Querían pagar sólo de a dos pesos y fueron a sacar su documento donde viene mencionado lo de los dos pesos y cuatro tomines.,Quinequi in quixtlahuazque za huel oho peso auh in oquihualquixtito in imamauh teneuhtihuiz hohome peso ihuan nanahui tomi.,"Tatoeba nahuatl-generico (CC BY 2.0 FR, id 3739744)"
Allá esperaron a los de Santa Cruz que venían a dirigir lo del tributo.,Ocan quichixque Santa Crozca inic hualayacanazque in ica tlacalaquili.,"Tatoeba nahuatl-generico (CC BY 2.0 FR, id 3739742)"
Aquí es por donde viene el camino.,Inin in ipan huitz ohtli.,"Tatoeba nahuatl-generico (CC BY 2.0 FR, id 3739740)"
Tal vez no sea así o tal vez sí sea.,Ahcazomō iuhqui yez in ahnozo yuhquiez.,"Tatoeba nahuatl-generico (CC BY 2.0 FR, id 3739735)"
Su hogar está en Tenochtitlán.,Mochantzinco in toltzallan in acatzallan.,"Tatoeba nahuatl-generico (CC BY 2.0 FR, id 3739728)"
Su hogar está entre los juncos y las cañas.,Mochantzinco in toltzallan in acatzallan.,"Tatoeba nahuatl-generico (CC BY 2.0 FR, id 3739728)"
"Hace 242 años, el señor Acamapichtli fue instalado como el primer gobernante de Tenochtitlán.",Ye matlacpohualxihuitl ipan onpohualxihuitl ipan ome xihuitl in motlahtocatlalli in tlacatl Acamapichtli achto tlahtoani tenochtitlan.,"Tatoeba nahuatl-generico (CC BY 2.0 FR, id 3739724)"
Nuestro señor Jesucristo es la verdadera fuente de la vida eterna de la que brota todo el mejoramiento divino.,In toTecuiyo Iesu Xpo in huel nelli cemihcac nemilizameialtzintli in itechpatzinco huel meya in ix huich in teotecualtiliztli.,"Tatoeba nahuatl-generico (CC BY 2.0 FR, id 3739721)"
Llegaron sus doce barcos de Texcoco.,Ohualla imacal Tetzcoco matlactetl ome.,"Tatoeba nahuatl-generico (CC BY 2.0 FR, id 3739719)"
"Empezó una tormenta, continuó fuerte y no pudo contender bien la canoa.","Cenca totoca, in ihcuac moquetza, amo huel quiznamiqui in acalli.","Tatoeba nahuatl-generico (CC BY 2.0 FR, id 3739715)"
Su pago fue de mil ciento cuarenta pesos.,In itlaxtlahuil mochiuh ce mil ihuan chicompohual pesos.,"Tatoeba nahuatl-generico (CC BY 2.0 FR, id 3739713)"
"Cuando llegó, hicieron la pila del mercado los castellanos que vinieron de España.","Ihcuac ahcico nimān quichiuhquenplia tiaquaizco, caxtilteca quichiuhque hualehua Caxtillān.","Tatoeba nahuatl-generico (CC BY 2.0 FR, id 3739709)"
"Si alguien lo quisiere tomar, será castigado conforme a justicia.",In tla occepa aca tecicicoliztica quicuiznequiz tlatzacauiltiloz in iuhca justicia.,"Tatoeba nahuatl-generico (CC BY 2.0 FR, id 3739706)"
Uno de su autoridad quiere tomar la casa.,Aca moyocoyaz quicuiznequiz in calli.,"Tatoeba nahuatl-generico (CC BY 2.0 FR, id 3739703)"
¿Cuál es el mejor?,¿Ac ye inoc cenca cualli?,"Tatoeba nahuatl-generico (CC BY 2.0 FR, id 3739699)"
¿Cuál te gusta más?,¿Ac ye in oc cenca tictlazotla?,"Tatoeba nahuatl-generico (CC BY 2.0 FR, id 3739696)"
¿Cuál amas más?,¿Ac ye in oc cenca tictlazotla?,"Tatoeba nahuatl-generico (CC BY 2.0 FR, id 3739696)"
Hoy es el dos de enero.,Āxcān 2 tōnalli enero.,"Tatoeba nahuatl-generico (CC BY 2.0 FR, id 3739693)"
Su solar mide 15 brazas de largo y 10 brazas de ancho.,In isolaryo inic huiyac 15 matl auh inic patlahuac 10 matl.,"Tatoeba nahuatl-generico (CC BY 2.0 FR, id 3739690)"
"Nadie, sea quien sea, entra allí.",Ayac ma aca oncan calaqui.,"Tatoeba nahuatl-generico (CC BY 2.0 FR, id 3726417)"
Que todos los que lo vean conozcan este documento.,Ma quimatican in ixquichtin quitazque inin amatl.,"Tatoeba nahuatl-generico (CC BY 2.0 FR, id 3726409)"
Viviendo en México tradujo la doctrina.,Mēxihco nemia doctrina quicuep.,"Tatoeba nahuatl-generico (CC BY 2.0 FR, id 3726406)"
"Tom, quien hablaba bien el náhuatl, tradujo muchísimas cosas a nuestro idioma.",Tom ya huel nahuatlatohua tlacuauh miyec quicuep totlatolpan.,"Tatoeba nahuatl-generico (CC BY 2.0 FR, id 3726393)"
Se ha de volver.,Za hualmocuepaz.,"Tatoeba nahuatl-generico (CC BY 2.0 FR, id 3726385)"
También de allá se regresó la gente.,Zan oc ocan hualnecuepaluto.,"Tatoeba nahuatl-generico (CC BY 2.0 FR, id 3726377)"
Pobre de nosotros. ¿Qué será de nosotros?,Itotolīniāo ¿tle titocuepazque?,"Tatoeba nahuatl-generico (CC BY 2.0 FR, id 3726374)"
Ahora le dio vuelta a su vida.,Niman monemilizcuep.,"Tatoeba nahuatl-generico (CC BY 2.0 FR, id 3726372)"
Se volvió hechicera y fue muy perversa.,Tlahuipochin mocuepa ca cenca huey tlahuelliloc.,"Tatoeba nahuatl-generico (CC BY 2.0 FR, id 3725971)"
"Y la catapulta seguía volviendo aquí y allá, por todas partes.",Auh in quauhtematlatl mocuecuepa ahuic iaiauh.,"Tatoeba nahuatl-generico (CC BY 2.0 FR, id 3725968)"
Presten juramento para que no vuelvan a faltar a su palabra.,Inic amo oc ceppa anquicuepazque amotlatol xicchiuacan juramento.,"Tatoeba nahuatl-generico (CC BY 2.0 FR, id 3725960)"
Y volvieron con la noticia de que en toda la tierra no había más que edificios caídos y paredes derrumbadas de casas.,"Auh ōhuālmocuepqueh tlanāhuatico cah mochi in tlālli ahmō acah quipiyaya, īcēl toca ōquitztiahqueh in tetepanzoltzin calchīhualli catca.","Tatoeba nahuatl-generico (CC BY 2.0 FR, id 3725119)"
"La justicia de nuestro pueblo, que sus mercedes han de firmar para que sea cierto que empiezo mi testamento.",In mochinti justicia taltepetli xa yexhantzitzi quimotlalilizque infirma ican tlaneltiliz niccualtia noteztamento.,"Tatoeba nahuatl-generico (CC BY 2.0 FR, id 3724717)"
Estaré presente.,Nicān niyez.,"Tatoeba nahuatl-generico (CC BY 2.0 FR, id 3724714)"
Aquí estaré.,Nicān niyez.,"Tatoeba nahuatl-generico (CC BY 2.0 FR, id 3724714)"
Voy a estar acá.,Nicān niyez.,"Tatoeba nahuatl-generico (CC BY 2.0 FR, id 3724714)"
Las mujeres están en México.,Īpan Mēxihco cateh in cihuah.,"Tatoeba nahuatl-generico (CC BY 2.0 FR, id 3724711)"
Que Dios el Espíritu Santo sea contigo siempre.,Ma Dios Espirito Santo motlantzinco yez cemicac.,"Tatoeba nahuatl-generico (CC BY 2.0 FR, id 3724708)"
No pasó nada.,Ahtleh omochiuh.,"Tatoeba nahuatl-generico (CC BY 2.0 FR, id 3724291)"
No hay más que una casa y todos aquellos montones de piedras que hay.,Tza cetetl in icac in calli ihua in ixquich in oca tepeuhtonc in ixquich itetl mochi.,"Tatoeba nahuatl-generico (CC BY 2.0 FR, id 3719819)"
Estaban en México.,Īpan Mēxihco ocatca.,"Tatoeba nahuatl-generico (CC BY 2.0 FR, id 3719814)"
Están en terreno que no es suyo.,Ahmo intlal ipan catteh.,"Tatoeba nahuatl-generico (CC BY 2.0 FR, id 3719806)"
Y nosotros no tuvimos ningún cargo.,Auh i tehuatin ahtleh totequiuh.,"Tatoeba nahuatl-generico (CC BY 2.0 FR, id 3719801)"
No va a ser nada.,Ca ahtletiz.,"Tatoeba nahuatl-generico (CC BY 2.0 FR, id 3719794)"
Nada está dañado.,Ahtleh ihtlacauhtica.,"Tatoeba nahuatl-generico (CC BY 2.0 FR, id 3719788)"
"No hubo misa, sólo empezó el sermón.",Ahtleh miza za peuh temachtili.,"Tatoeba nahuatl-generico (CC BY 2.0 FR, id 3719782)"
Lo único que hace es asesorar.,Ahtleh in quinanamiqui zan quixcahuia.,"Tatoeba nahuatl-generico (CC BY 2.0 FR, id 3719778)"
Eso será todo.,Ahtleh mah itla ihua za ya yo.,"Tatoeba nahuatl-generico (CC BY 2.0 FR, id 3719764)"
Para mí no es nada.,Ahtleh īpan nitlamati.,"Tatoeba nahuatl-generico (CC BY 2.0 FR, id 3719757)"
Estoy aburrido.,Nicuecihui.,"Tatoeba nahuatl-generico (CC BY 2.0 FR, id 3668932)"
Me aburro.,Nicuecihui.,"Tatoeba nahuatl-generico (CC BY 2.0 FR, id 3668932)"
Tengo que orinar.,Naxixmiqui.,"Tatoeba nahuatl-generico (CC BY 2.0 FR, id 3654734)"
¿De qué color es la tierra?,¿Tlen tlapālli tlalli?,"Tatoeba nahuatl-generico (CC BY 2.0 FR, id 3654722)"
¿Te duele la garganta?,¿Mitzcocohua motozqui?,"Tatoeba nahuatl-generico (CC BY 2.0 FR, id 3654708)"
¿Hablas hebreo?,¿Tiyudiotlahtoā?,"Tatoeba nahuatl-generico (CC BY 2.0 FR, id 3610823)"
Todo el mundo habla siempre bien de Tony.,Ipān Tony nochipān quicualtlahtohqueh nochtin.,"Tatoeba nahuatl-generico (CC BY 2.0 FR, id 3610822)"
¿Cuál es tu verdadera opinión sobre ella?,¿Quēnin huel yehuapān tiquimati?,"Tatoeba nahuatl-generico (CC BY 2.0 FR, id 3610821)"
"Armenia se llama ""Hayastan"" en armenio.","""Hayastan"" motōcā Armenia armeniatlahtolcopa.","Tatoeba nahuatl-generico (CC BY 2.0 FR, id 3610819)"
¿No estás cansado?,¿Ticiahuic?,"Tatoeba nahuatl-generico (CC BY 2.0 FR, id 3610818)"
¿No estás cansada?,¿Ticiahuic?,"Tatoeba nahuatl-generico (CC BY 2.0 FR, id 3610818)"
¿No está cansado?,¿Ticiahuic?,"Tatoeba nahuatl-generico (CC BY 2.0 FR, id 3610818)"
¿No están cansados?,¿Ticiahuic?,"Tatoeba nahuatl-generico (CC BY 2.0 FR, id 3610818)"
Aprenderás mucho aquí.,Timomachtiz miac nicān.,"Tatoeba nahuatl-generico (CC BY 2.0 FR, id 3603803)"
Ya no tengo hambre.,Aoc nimayana.,"Tatoeba nahuatl-generico (CC BY 2.0 FR, id 3603566)"
Sao Paulo es la ciudad más moderna de Brasil.,Sao Paulo oc tāchcāuh yancuic ialtepetl in Brazil.,"Tatoeba nahuatl-generico (CC BY 2.0 FR, id 3603564)"
Pareces ocupado.,Titequipachinēci.,"Tatoeba nahuatl-generico (CC BY 2.0 FR, id 3603560)"
Pareces ocupada.,Titequipachinēci.,"Tatoeba nahuatl-generico (CC BY 2.0 FR, id 3603560)"
Todos los lagartos pueden poner huevos.,Nochi cuetzpalin hueli atetlaza.,"Tatoeba nahuatl-generico (CC BY 2.0 FR, id 3603556)"
Odio las matemáticas.,Niccocoliā tlapōhualmatiliztli.,"Tatoeba nahuatl-generico (CC BY 2.0 FR, id 3603552)"
Ya no eres ningún bebé.,Tejua amo ti conetl.,"Tatoeba guerrero (CC BY 2.0 FR, id 3553240)"
Necesitas tomar un buen descanso.,Motechmonequi matimosehui cuacuajli.,"Tatoeba guerrero (CC BY 2.0 FR, id 3553238)"
Necesitas descansar bien.,Motechmonequi matimosehui cuacuajli.,"Tatoeba guerrero (CC BY 2.0 FR, id 3553238)"
"Nunca has estado es Europa, ¿no es así?","Xqueman otinem ipan europa, chica?","Tatoeba guerrero (CC BY 2.0 FR, id 3553237)"
"Eres Simón, hijo de Juan.","Tejua ti simon, iconeu juan.","Tatoeba guerrero (CC BY 2.0 FR, id 3553236)"
¿Sabes si Lucy habla japonés?,Tejua ticmati tla Luci hueli tlajtohua japones?,"Tatoeba guerrero (CC BY 2.0 FR, id 3553235)"
¿Sabéis si Lucy sabe hablar japonés?,Tejua ticmati tla Luci hueli tlajtohua japones?,"Tatoeba guerrero (CC BY 2.0 FR, id 3553235)"
Debes terminar este trabajo en una semana.,Motechmonequi matitlami yejuin tequitl ipan ce semanajli.,"Tatoeba guerrero (CC BY 2.0 FR, id 3553234)"
Tienes que trabajar muy duro.,Motechnonequi matitequiti chicahuac.,"Tatoeba guerrero (CC BY 2.0 FR, id 3553232)"
¿Te gusta el japonés o el inglés?,Tejua ticueltlajto japones noso ingles?,"Tatoeba guerrero (CC BY 2.0 FR, id 3553230)"
¿Os gusta el japonés o el inglés?,Tejua ticueltlajto japones noso ingles?,"Tatoeba guerrero (CC BY 2.0 FR, id 3553230)"
¿Puedes hablar inglés?,Tejua ticmati quen titlajtoz ipan ingles?,"Tatoeba guerrero (CC BY 2.0 FR, id 3553228)"
¿Estudias inglés?,Timomactitica ingles?,"Tatoeba guerrero (CC BY 2.0 FR, id 3553226)"
Tienes que hablar inglés.,Motechnonequi matitlajto ipan ingles.,"Tatoeba guerrero (CC BY 2.0 FR, id 3553225)"
Tenés que hablar inglés.,Motechnonequi matitlajto ipan ingles.,"Tatoeba guerrero (CC BY 2.0 FR, id 3553225)"
No te gusta la música.,Xticuelcaqui tlatzotzonajli.,"Tatoeba guerrero (CC BY 2.0 FR, id 3553224)"
¿Podés pensar en otra cosa?,Tihueli ticnemili ipan occe tlamantli?,"Tatoeba guerrero (CC BY 2.0 FR, id 3553223)"
¿Puedes pensar en alguna otra cosa?,Tihueli ticnemili ipan occe tlamantli?,"Tatoeba guerrero (CC BY 2.0 FR, id 3553223)"
¿Cuántos lenguajes hablas tú?,Quezqui tlajtojli titlajtohua?,"Tatoeba guerrero (CC BY 2.0 FR, id 3553222)"
¿Cuántos idiomas hablas tú?,Quezqui tlajtojli titlajtohua?,"Tatoeba guerrero (CC BY 2.0 FR, id 3553222)"
¿Cuántas lenguas hablas tú?,Quezqui tlajtojli titlajtohua?,"Tatoeba guerrero (CC BY 2.0 FR, id 3553222)"
¿Cuántos idiomas hablas?,Quezqui tlajtojli titlajtohua?,"Tatoeba guerrero (CC BY 2.0 FR, id 3553222)"
¿Cuántos idiomas habla usted?,Quezqui tlajtojli titlajtohua?,"Tatoeba guerrero (CC BY 2.0 FR, id 3553222)"
¿Cuántos idiomas hablan ustedes?,Quezqui tlajtojli titlajtohua?,"Tatoeba guerrero (CC BY 2.0 FR, id 3553222)"
¿Cuántos idiomas hablás?,Quezqui tlajtojli titlajtohua?,"Tatoeba guerrero (CC BY 2.0 FR, id 3553222)"
¿Es usted creyente?,Ticneltoca ipan ce tlaneltoquiliztli?,"Tatoeba guerrero (CC BY 2.0 FR, id 3553221)"
¿Cree usted en alguna religión?,Ticneltoca ipan ce tlaneltoquiliztli?,"Tatoeba guerrero (CC BY 2.0 FR, id 3553221)"
¿Quieres algo de comer?,Titlacuaznequi itlaj?,"Tatoeba guerrero (CC BY 2.0 FR, id 3553220)"
¿Le gustaría comer algo?,Titlacuaznequi itlaj?,"Tatoeba guerrero (CC BY 2.0 FR, id 3553220)"
¿Tienes algún animal?,Tiquimpia sequi yolcamej?,"Tatoeba guerrero (CC BY 2.0 FR, id 3553219)"
¿Tenés algo para leer?,Ticpia ce amoxtli tiamoxpohuaz?,"Tatoeba guerrero (CC BY 2.0 FR, id 3553218)"
¿Tienes algo para leer?,Ticpia ce amoxtli tiamoxpohuaz?,"Tatoeba guerrero (CC BY 2.0 FR, id 3553218)"
¿Tienes qué leer?,Ticpia ce amoxtli tiamoxpohuaz?,"Tatoeba guerrero (CC BY 2.0 FR, id 3553218)"
Tú lo tienes todo.,Tejua ticpia nochi.,"Tatoeba guerrero (CC BY 2.0 FR, id 3553216)"
¿Qué tienes?,Tlenon ticpia?,"Tatoeba guerrero (CC BY 2.0 FR, id 3553214)"
¿Qué tenéis?,Tlenon ticpia?,"Tatoeba guerrero (CC BY 2.0 FR, id 3553214)"
¿Qué tiene?,Tlenon ticpia?,"Tatoeba guerrero (CC BY 2.0 FR, id 3553214)"
¿Qué tienen?,Tlenon ticpia?,"Tatoeba guerrero (CC BY 2.0 FR, id 3553214)"
Me preguntó mi edad.,Yejua onechtlajtoltij quezqui xihuitl niquimpiaya.,"Tatoeba guerrero (CC BY 2.0 FR, id 3553213)"
¿A qué horas sales del trabajo?,Tlen cahuitl tiquiza itech motequitzin?,"Tatoeba guerrero (CC BY 2.0 FR, id 3553211)"
¿Cuántas hermanas tienes?,Kezqui mocnisihuahuan tiqimpia?,"Tatoeba guerrero (CC BY 2.0 FR, id 3553210)"
¿Cuántas hermanas tiene usted?,Kezqui mocnisihuahuan tiqimpia?,"Tatoeba guerrero (CC BY 2.0 FR, id 3553210)"
¿Cuántas hermanas tiene?,Kezqui mocnisihuahuan tiqimpia?,"Tatoeba guerrero (CC BY 2.0 FR, id 3553210)"
¿Cuántas hermanas tienen ustedes?,Kezqui mocnisihuahuan tiqimpia?,"Tatoeba guerrero (CC BY 2.0 FR, id 3553210)"
¿Cuántas hermanas tenéis?,Kezqui mocnisihuahuan tiqimpia?,"Tatoeba guerrero (CC BY 2.0 FR, id 3553210)"
Debes irte a casa.,Nonequi matihuiya mochan.,"Tatoeba guerrero (CC BY 2.0 FR, id 3553206)"
¿Vas a cantar?,Ticuicatiz tiaz?,"Tatoeba guerrero (CC BY 2.0 FR, id 3553205)"
Puedes cantar una canción.,Tihueli ticuicatiz ce cuicatl.,"Tatoeba guerrero (CC BY 2.0 FR, id 3553203)"
¿Te interesan las flores?,Ticuelitta xochimej?,"Tatoeba guerrero (CC BY 2.0 FR, id 3553202)"
Usted no está obligado de ninguna manera a ayudarnos.,Xmotequitzin matitechpalehui.,"Tatoeba guerrero (CC BY 2.0 FR, id 3553201)"
No estás obligado a ayudarnos.,Xmotequitzin matitechpalehui.,"Tatoeba guerrero (CC BY 2.0 FR, id 3553201)"
¿Estás contento con tu puesto en la compañía?,Tejua tipaqui ihuan motequiu nican ipan tequicajli?,"Tatoeba guerrero (CC BY 2.0 FR, id 3553200)"
"Tú no te acuerdas, yo no me olvidaré.","Amo tiquelnamiqui, Xqueman niquelcahuaz.","Tatoeba guerrero (CC BY 2.0 FR, id 3553199)"
"Tocas un instrumento musical, ¿verdad?","Tejua titlatzotzona motlatzotzotzin, chica?","Tatoeba guerrero (CC BY 2.0 FR, id 3553197)"
Has cometido un error.,Tejua otichiu amo cuajli.,"Tatoeba guerrero (CC BY 2.0 FR, id 3553196)"
Voy a ir a ayudar a mi papá donde está trabajando.,Nejua niaz nicpalehuiz notajtzin can tequititica.,"Tatoeba guerrero (CC BY 2.0 FR, id 3553182)"
Voy a ir a ayudar a mi papá donde está trabajando.,Nejua niquincajua noconehuan pampa xnechtlacamati.,"Tatoeba guerrero (CC BY 2.0 FR, id 3553181)"
Yo le enseño a mi hija a escribir.,Nejua nimachti nosihuaconeu quen tlacuijlos.,"Tatoeba guerrero (CC BY 2.0 FR, id 3553176)"
Yo le enseño a escribir a mi hija.,Nejua nimachti nosihuaconeu quen tlacuijlos.,"Tatoeba guerrero (CC BY 2.0 FR, id 3553176)"
Tú vives lejos.,Tejua tichanti huejca.,"Tatoeba guerrero (CC BY 2.0 FR, id 3553171)"
Yo quiero comer carne de gallina.,Nejua nitlacuaznequi cuanacatl.,"Tatoeba guerrero (CC BY 2.0 FR, id 3553169)"
Mi padre y mi madre dijeron que así se haría.,Notatzin ica nonantzin omitlahuique ma iqui mochihuaz.,"Tatoeba nahuatl-generico (CC BY 2.0 FR, id 3536188)"
"Hola, ¿qué tal?","Niltze, ¿Cualli tonalli?","Tatoeba nahuatl-generico (CC BY 2.0 FR, id 3536178)"
"Hola, ¿cómo estás?","Niltze, ¿Cualli tonalli?","Tatoeba nahuatl-generico (CC BY 2.0 FR, id 3536178)"
"Hola, ¿como va?","Niltze, ¿Cualli tonalli?","Tatoeba nahuatl-generico (CC BY 2.0 FR, id 3536178)"
"Allá en mi casa, en Milpa alta, los hombres trabajan y las mujeres hacen tortillas, hacen comida.","Ompa nochan, momochko malakatetikpak, tlaka tekiti iuan siuame tlaxkaloa, tlakualchiua.","Tatoeba nahuatl-generico (CC BY 2.0 FR, id 3536169)"
"Cuando aparecía de noche esta cometa todos los indios daban grandísimos alaridos y se espantaban, esperando que algún mal había de venir.","Auh in icuac necia tlacahuacaya, netenhuitecoya, neizahuiloya, tlatemmachoya.","Tatoeba nahuatl-generico (CC BY 2.0 FR, id 3536145)"
"Oye un canto en mi corazón: Me pongo a llorar, me lleno de dolor.","Cuicatli quicaqui in noyol nichoca: Ye nicnotlamati, tiya xochitica, tic cauhtehuazque, tlalticpac ye nican titotlanehuia o tiyazque ichan.","Tatoeba nahuatl-generico (CC BY 2.0 FR, id 3535681)"
No para siempre en la tierra: sólo un poco aquí.,An nochipa tlaltikpak: san achika ya nikan.,"Tatoeba nahuatl-generico (CC BY 2.0 FR, id 3535549)"
Tú hablas rápido.,Tehuatl titlahtoa iciuhca.,"Tatoeba nahuatl-generico (CC BY 2.0 FR, id 3533803)"
Te ruego que hables más despacio.,"Yolic xitlahto, nimitztlatlauhtia.","Tatoeba nahuatl-generico (CC BY 2.0 FR, id 3533801)"
No sé ni papa.,Amo tla nicmati.,"Tatoeba nahuatl-generico (CC BY 2.0 FR, id 3533799)"
Por el momento no tengo tiempo.,Axcan amonicpia cahuitl.,"Tatoeba nahuatl-generico (CC BY 2.0 FR, id 3533790)"
Hoy hace mucho calor.,Axcan cenca tona,"Tatoeba nahuatl-generico (CC BY 2.0 FR, id 3533788)"
Hace mucho calor hoy.,Axcan cenca tona,"Tatoeba nahuatl-generico (CC BY 2.0 FR, id 3533788)"
¿Dónde trabajas?,Campa titequiti?,"Tatoeba nahuatl-generico (CC BY 2.0 FR, id 3533780)"
¿Qué tal tu día?,Quen ocemilhuitihuac?,"Tatoeba nahuatl-generico (CC BY 2.0 FR, id 3533770)"
"Debido a que los genes blancos son mutaciones de los genes de los hombres de color originales — y los machos son mutaciones de las hembras originales — por fin podemos responder a la pregunta ¿Dios es negro? La respuesta es Sí, Ella lo es.","Genes tlen istak omopatlak. Achto okatkah tliliwik genes. Niman omokuepkeh tliliwik. No nihki, genes tlen siwameh omokuepkeh genes tlen tlakameh. Ikinon, axan kualtis tiknankiliskeh kox amo tliliwik toteotzin. Axan kualtis tikihtoskeh kema, yeh tliliwik iwan yeh siwatl.","Tatoeba orizaba (CC BY 2.0 FR, id 3529291)"
No hay premio Nobel de las matemáticas.,Amonka Premio Nobel kampa matemáticas.,"Tatoeba orizaba (CC BY 2.0 FR, id 3529280)"
"Habiendo estudiado francés durante 3 años, Tom habla bastante bien.",Tom kualtis kualtlapowas Francés yompa ipampa yeh omomachti eyi xiwitl.,"Tatoeba orizaba (CC BY 2.0 FR, id 3529276)"
No le cuentes nada de esto a mi esposa.,"Nimitztlatlahtia, amo xikilli nosiwa inin.","Tatoeba orizaba (CC BY 2.0 FR, id 3529275)"
¿Vienes conmigo?,¿Teh tiwallas nowan?,"Tatoeba orizaba (CC BY 2.0 FR, id 3529274)"
¿Ustedes vienen conmigo?,¿Teh tiwallas nowan?,"Tatoeba orizaba (CC BY 2.0 FR, id 3529274)"
¿Te vienes conmigo?,¿Teh tiwallas nowan?,"Tatoeba orizaba (CC BY 2.0 FR, id 3529274)"
"Mike, ¿es tuyo este libro?","Mike, ¿mamox inīn?","Tatoeba nahuatl-generico (CC BY 2.0 FR, id 3521850)"
La silla no está cerca de la ventana.,Icpalli ahmo tlachialoyannahuac.,"Tatoeba nahuatl-generico (CC BY 2.0 FR, id 3469191)"
Estoy muy ocupado.,Huel nitequihuiā.,"Tatoeba nahuatl-generico (CC BY 2.0 FR, id 3469185)"
Estoy muy ocupada.,Huel nitequihuiā.,"Tatoeba nahuatl-generico (CC BY 2.0 FR, id 3469185)"
Oí un grito y después un choque.,Oniccac in tzatzilli zatēpan in tlacalāni.,"Tatoeba nahuatl-generico (CC BY 2.0 FR, id 3469180)"
¿Cuántos gatos hay en esta casa?,¿Īxquich miztotōn itic inīn calli?,"Tatoeba nahuatl-generico (CC BY 2.0 FR, id 3469151)"
Los padres están escuchando.,In tetāhnāntli quicaquiticateh.,"Tatoeba nahuatl-generico (CC BY 2.0 FR, id 3380516)"
Los padres están escuchando.,In tetāhnāntli quicaquih.,"Tatoeba nahuatl-generico (CC BY 2.0 FR, id 3380515)"
Los padres escuchan.,In tetāhnāntli quicaquih.,"Tatoeba nahuatl-generico (CC BY 2.0 FR, id 3380515)"
"No vi, no oí, no hablé.","Ahmō nitlattac, ahmō nitlacac, ahmō nitlahtohqui.","Tatoeba nahuatl-generico (CC BY 2.0 FR, id 3372046)"
Hacía mucho calor y el chocolate se derritió.,"Cencah tōnac, auh chocolātl ātīxqui.","Tatoeba nahuatl-generico (CC BY 2.0 FR, id 3371983)"
Él le enseñó ruso a sus hijos.,Onquinmachti ipilhuan in Rusiatlahtōlli.,"Tatoeba nahuatl-generico (CC BY 2.0 FR, id 3276807)"
Puedes ver televisión.,Hueli tiquittaz in huehcaīxīpcaxitl.,"Tatoeba nahuatl-generico (CC BY 2.0 FR, id 3276785)"
¡Vamos al guateque!,¡Ma tilhuichīhuacān!,"Tatoeba nahuatl-generico (CC BY 2.0 FR, id 3274561)"
Esta mujer está muy bonita.,Cencah cualnēci inīn cihuātl.,"Tatoeba nahuatl-generico (CC BY 2.0 FR, id 3240690)"
¿Quién es el Sr. Bush?,¿Āc in Bushtzin?,"Tatoeba nahuatl-generico (CC BY 2.0 FR, id 3240654)"
Mucha gente necesita nuestra ayuda.,Monequi miequitlātlāca in totēpalēhuiliz.,"Tatoeba nahuatl-generico (CC BY 2.0 FR, id 3240634)"
No como comida mongola.,Ahmō niccua in mongoltlacualli.,"Tatoeba nahuatl-generico (CC BY 2.0 FR, id 3239806)"
Nunca le he dado un plátano de comer a mi perro.,Aīc nicmaca cē cuaxīlōtl inīc quicua nitzcuīn.,"Tatoeba nahuatl-generico (CC BY 2.0 FR, id 3239383)"
¡Buen apetito!,¡Cualli ma mitzchcahuīli tlein ticcuā!,"Tatoeba nahuatl-generico (CC BY 2.0 FR, id 3213695)"
¡Buen provecho!,¡Cualli ma mitzchcahuīli tlein ticcuā!,"Tatoeba nahuatl-generico (CC BY 2.0 FR, id 3213695)"
¡Buen apetito!,¡Ma xitlacuā cualli!,"Tatoeba nahuatl-generico (CC BY 2.0 FR, id 3213688)"
¡Buen provecho!,¡Ma xitlacuā cualli!,"Tatoeba nahuatl-generico (CC BY 2.0 FR, id 3213688)"
Soy mexicano.,Nimēxihcatl.,"Tatoeba nahuatl-generico (CC BY 2.0 FR, id 3196168)"
¡Mi vida se ha acabado!,¡Ye tlan in noyōliliz!,"Tatoeba nahuatl-generico (CC BY 2.0 FR, id 3194881)"
Estoy escribiendo una canción en alemán.,Teutontlahtōlcopa ce nicuīcapiqui.,"Tatoeba nahuatl-generico (CC BY 2.0 FR, id 3194848)"
No empecé.,Ahmo onipēuh.,"Tatoeba nahuatl-generico (CC BY 2.0 FR, id 3194789)"
No he empezado.,Ahmo onipēuh.,"Tatoeba nahuatl-generico (CC BY 2.0 FR, id 3194789)"
No empecé.,Ahmo onicpēuh.,"Tatoeba nahuatl-generico (CC BY 2.0 FR, id 3194785)"
No he empezado.,Ahmo onicpēuh.,"Tatoeba nahuatl-generico (CC BY 2.0 FR, id 3194785)"
No lo he comenzado.,Ahmo onicpēuh.,"Tatoeba nahuatl-generico (CC BY 2.0 FR, id 3194785)"
"""¿Cuántos años tienes?"" - ""Tengo dieciséis años.""","""¿Quexqui xihuitl ye tinemi?"" - ""Ye ninemi ye caxtōlli ihuān cē xihuitl.""","Tatoeba nahuatl-generico (CC BY 2.0 FR, id 3192925)"
"""Y vos, ¿cómo te llamás?"" ""Me llamo Paulo.""","""Ihuān tehuatl, ¿quen motōcā?"" ""Notōcā Paulo.""","Tatoeba nahuatl-generico (CC BY 2.0 FR, id 3192908)"
"""Y tú, ¿cómo te llamas?"" ""Me llamo Paulo.""","""Ihuān tehuatl, ¿quen motōcā?"" ""Notōcā Paulo.""","Tatoeba nahuatl-generico (CC BY 2.0 FR, id 3192908)"
"""Y vos, ¿cómo te llamás?"" ""Me llamo Paulo.""","""Ihuān teh, ¿quen motōcā?"" ""Notōcā Paulo.""","Tatoeba nahuatl-generico (CC BY 2.0 FR, id 3192906)"
"""Y tú, ¿cómo te llamas?"" ""Me llamo Paulo.""","""Ihuān teh, ¿quen motōcā?"" ""Notōcā Paulo.""","Tatoeba nahuatl-generico (CC BY 2.0 FR, id 3192906)"
Buenos días. Me llamo José Silva. ¿Cómo se llama usted?,Niltze. Notōcā José Silva. ¿Quenin motōcāitzin?,"Tatoeba nahuatl-generico (CC BY 2.0 FR, id 3192904)"
Hola. Me llamo José Silva. ¿Cómo se llama usted?,Niltze. Notōcā José Silva. ¿Quenin motōcāitzin?,"Tatoeba nahuatl-generico (CC BY 2.0 FR, id 3192904)"
"Me llamo Tamako, ¿y tú te llamas...?","Notōcā Tamako, ¿tehuatl motōcā...?","Tatoeba nahuatl-generico (CC BY 2.0 FR, id 3192901)"
"Me llamo Tamako, ¿tú te llamas...?","Notōcā Tamako, ¿tehuatl motōcā...?","Tatoeba nahuatl-generico (CC BY 2.0 FR, id 3192901)"
"Mi nombre no es ""usted""; es Ricardo.","Ahmo notōcā ""tehuatl"". Notōcā Ricardo.","Tatoeba nahuatl-generico (CC BY 2.0 FR, id 3192899)"
"No me llamo ""tú"", me llamo Ricardo.","Ahmo notōcā ""tehuatl"". Notōcā Ricardo.","Tatoeba nahuatl-generico (CC BY 2.0 FR, id 3192899)"
"No me llamo ""tú"". Me llamo Ricardo.","Ahmo notōcā ""tehuatl"". Notōcā Ricardo.","Tatoeba nahuatl-generico (CC BY 2.0 FR, id 3192899)"
"No, no me llamo María. Me llamo Teresa.",Ahmo. Ahmo notōcā María. Notōcā Teresa.,"Tatoeba nahuatl-generico (CC BY 2.0 FR, id 3192892)"
No. No me llamo María. Me llamo Teresa.,Ahmo. Ahmo notōcā María. Notōcā Teresa.,"Tatoeba nahuatl-generico (CC BY 2.0 FR, id 3192892)"
"¡Hola, amigo mío! ¿Cómo estás?","¡Niltze, nicniuh! ¿Quen tica?","Tatoeba nahuatl-generico (CC BY 2.0 FR, id 3192883)"
"¡Hola, amigo! ¿Cómo estás?","¡Niltze, nicniuh! ¿Quen tica?","Tatoeba nahuatl-generico (CC BY 2.0 FR, id 3192883)"
El jardinero acaba de cortar el seto.,Zan ochināmitec in xōchipixqui.,"Tatoeba nahuatl-generico (CC BY 2.0 FR, id 3192869)"
Tengo una revista en mi cuarto.,Nocalpān nicpia nāmoxtōn.,"Tatoeba nahuatl-generico (CC BY 2.0 FR, id 3192861)"
No duele.,Ahmo cocoā.,"Tatoeba nahuatl-generico (CC BY 2.0 FR, id 3192842)"
Conozco a algunos de los chicos.,Tēlpocatzālan niquinīxmati in cequintin.,"Tatoeba nahuatl-generico (CC BY 2.0 FR, id 3192836)"
Tom tiene tres hijos.,Tom quipia yei ipilhuān.,"Tatoeba nahuatl-generico (CC BY 2.0 FR, id 3158431)"
"Disculpa, no entiendo.","Xinechpohpolhuiā, ahmō niccaqui.","Tatoeba nahuatl-generico (CC BY 2.0 FR, id 3158217)"
Hoy no hay clases.,Āxcān ahmō temachtiliztli.,"Tatoeba nahuatl-generico (CC BY 2.0 FR, id 3141971)"
Él es mi corazón.,Yehhuātzin noyōllō.,"Tatoeba nahuatl-generico (CC BY 2.0 FR, id 3141965)"
Ella es mi corazón.,Yehhuātzin noyōllō.,"Tatoeba nahuatl-generico (CC BY 2.0 FR, id 3141965)"
Hasta tú eres un hombre que no sabe cuándo rendirse.,Azoc tehuātl in tlācatl inic ahmo matiz in mocāhuaz.,"Tatoeba nahuatl-generico (CC BY 2.0 FR, id 3141863)"
Ahora estoy libre.,Āxcān noaxillia.,"Tatoeba nahuatl-generico (CC BY 2.0 FR, id 3141856)"
Ahora soy libre.,Āxcān noaxillia.,"Tatoeba nahuatl-generico (CC BY 2.0 FR, id 3141856)"
"Come feliz, duerme feliz.",In tlacuā pāqui in cochi pāqui.,"Tatoeba nahuatl-generico (CC BY 2.0 FR, id 2843733)"
Me alegro de no ser una mujer.,Nipāqui ipampa ahmo nicihuātl.,"Tatoeba nahuatl-generico (CC BY 2.0 FR, id 2843728)"
Me gustaría visitar la Gran Muralla este año.,Inīn xihuitl nicnequi niāz īpan in China ihuēyitenānco.,"Tatoeba nahuatl-generico (CC BY 2.0 FR, id 2843704)"
Él encontró un buen trabajo para mí.,Yehhuātl nopampa cualli tequitl oquināmic.,"Tatoeba nahuatl-generico (CC BY 2.0 FR, id 2843689)"
Ella es mi esposa.,Nocihuātl.,"Tatoeba nahuatl-generico (CC BY 2.0 FR, id 2740886)"
Es mi esposa.,Nocihuātl.,"Tatoeba nahuatl-generico (CC BY 2.0 FR, id 2740886)"
Ella es mi mujer.,Nocihuātl.,"Tatoeba nahuatl-generico (CC BY 2.0 FR, id 2740886)"
Soy un hombre.,Nitlācatl.,"Tatoeba nahuatl-generico (CC BY 2.0 FR, id 2680285)"
Yo soy un hombre.,Nitlācatl.,"Tatoeba nahuatl-generico (CC BY 2.0 FR, id 2680285)"
Yo soy hombre.,Nitlācatl.,"Tatoeba nahuatl-generico (CC BY 2.0 FR, id 2680285)"
Soy hombre.,Nitlācatl.,"Tatoeba nahuatl-generico (CC BY 2.0 FR, id 2680285)"
Soy una mujer.,Nicihuātl.,"Tatoeba nahuatl-generico (CC BY 2.0 FR, id 2680284)"
Yo soy una mujer.,Nicihuātl.,"Tatoeba nahuatl-generico (CC BY 2.0 FR, id 2680284)"
Soy mujer.,Nicihuātl.,"Tatoeba nahuatl-generico (CC BY 2.0 FR, id 2680284)"
Es carne lo que el niño está comiendo.,Ca nacatl in quicuā in pilli.,"Tatoeba nahuatl-generico (CC BY 2.0 FR, id 1986769)"
